job_id,title,company,location,category,salary_min,salary_max,contract_type,contract_time,created,description,redirect_url
5846723639,Senior People Analyst,Wise,"Hyderabad, Telangana",IT Jobs,,,,full_time,2026-08-18 18:03:42+00:00,"This job is with Wise, an inclusive employer and a member of myGwork – the largest global platform for the LGBTQ business community. Please do not contact the recruiter directly. Wise is a global technology company, building the best way to move and manage the world’s money. Min fees. Max ease. Full speed. Whether people and businesses are sending money to another country, spending abroad, or making and receiving international payments, Wise is on a mission to make their lives easier and save t…",https://www.adzuna.in/details/5846723639?utm_medium=api&utm_source=53922c72
5826247065,Data Analyst,Inficore Soft,India,IT Jobs,264000.0,276000.0,permanent,full_time,2026-08-03 06:51:53+00:00,"Data Analyst (Full-Time) Company: Inficore Soft Job Title: Data Analyst Location: India Employment Type: Full-Time Salary: ₹22,000 per month About Inficore Soft Inficore Soft is a technology-driven company focused on delivering innovative software and digital solutions. We are looking for a detail-oriented Data Analyst who can transform raw data into meaningful insights to support business growth and strategic decision-making. Key Responsibilities * Collect, clean, and validate data from multip…",https://www.adzuna.in/details/5826247065?utm_medium=api&utm_source=53922c72
4686704238,Data Analyst,,"Thiruvananthapuram, Kerala",IT Jobs,,,,,2024-05-10 07:38:46+00:00,Immediate requirement for the post of Data Analyst on rotation Shift (Male or Female). Persons only willing to work in both shifts need to apply.careers.coretechgmail.comorplease contact 9.4.nine.6.8.1.5.6.3.0,https://www.adzuna.in/details/4686704238?utm_medium=api&utm_source=53922c72
5899028729,Data Analyst,ALTRAIZE,"Bangalore, Karnataka",IT Jobs,500000.0,600000.0,permanent,full_time,2026-09-26 07:08:57+00:00,"Job Summary We are seeking a detail-oriented and analytical Data Analyst to support our manufacturing operations by collecting, analyzing, and interpreting production data. The ideal candidate will work closely with production, quality, maintenance, and supply chain teams to identify trends, improve operational efficiency, reduce costs, and support data-driven decision-making. Key Responsibilities Collect, clean, and analyze manufacturing and production data from multiple sources. Develop dashb…",https://www.adzuna.in/details/5899028729?utm_medium=api&utm_source=53922c72
5849116040,Data Analyst,Time Hack Consulting,"Bangalore, Karnataka",IT Jobs,600000.0,1300000.0,permanent,full_time,2026-08-20 07:10:41+00:00,"Role: Data Analyst / Analytics Engineer About the Company A high-growth fintech platform is scaling two core data initiatives: a credit bureau intelligence engine that turns financial signals into automated underwriting logic, and an embedded health membership product distributed across its large lending base. This role sits at the intersection of credit data, user behavior, and multi-channel campaign analytics to power real-time eligibility engines, customer targeting models, and product-mappi…",https://www.adzuna.in/details/5849116040?utm_medium=api&utm_source=53922c72
5902287266,Data Analyst,Rekruton Technologies,"Ahmedabad, Gujarat",IT Jobs,800000.0,1000000.0,permanent,full_time,2026-09-29 07:58:49+00:00,"Role Overview: As a Data Analyst, you turn campaign, bidding, and audience data into decisions. The role today is as much about judgment as it is about querying: our analysts work on top of a modern cloud data stack and alongside internal AI systems: defining the metrics that matter, validating what automated tools and agents produce, and making sure the numbers that reach stakeholders are trustworthy. You will partner with product, engineering, and data science to improve both our advertising …",https://www.adzuna.in/details/5902287266?utm_medium=api&utm_source=53922c72
5912922283,Data Analyst,Mrsool,India,IT Jobs,,,,full_time,2026-10-06 02:18:21+00:00,"Who Are We❓ Step into the world of Mrsool where convenience meets innovation! As one of the largest delivery platforms in the Middle East and North Africa (MENA) region, Mrsool has captivated users with its unique and seamless experience, earning it the highest ratings among all major delivery platforms on both Apple's App Store and Google's Play Store. What sets Mrsool apart is its commitment to providing an unmatched ""order anything from anywhere"" experience. Using Generative AI, we analyze c…",https://www.adzuna.in/details/5912922283?utm_medium=api&utm_source=53922c72
5910115026,Data Analyst,Weekday AI,India,IT Jobs,,,,full_time,2026-10-03 19:54:01+00:00,"       '   :   -   (  - ) Experience: 4 yrs Location: Bengaluru Job Type: Full-time We are looking for an experienced Full-Stack Senior Product Software Engineer to design, build, and support scalable products and mission-critical systems. The role combines strong backend engineering with modern frontend development, technical ownership, system reliability, and cross-functional collaboration. The ideal candidate will have strong expertise in Java, Spring Boot, React.js, microservices, REST APIs…",https://www.adzuna.in/details/5910115026?utm_medium=api&utm_source=53922c72
5891226525,Data Analyst,Medico Workforce,India,IT Jobs,180000.0,240000.0,permanent,full_time,2026-09-20 07:07:18+00:00,"About the Opportunity Medico Workforce operates at the intersection of healthcare and data intelligence, empowering medical staffing agencies and clinical organizations with actionable insights. We build data-driven decision tools that optimize workforce allocation, reduce hiring friction, and improve clinician retention — all through scalable analytics powered by SQL, Python, and modern BI platforms. This role sits at the core of our analytics engine, turning raw hiring, placement, and perform…",https://www.adzuna.in/details/5891226525?utm_medium=api&utm_source=53922c72
5903008902,Data Analyst,Acme Services Private Limited,"Yerwada, Pune",IT Jobs,2000000.0,2100000.0,,,2026-09-30 00:11:50+00:00,"Job Description: Develop, maintain, and validate data mapping documentation to support business and technical requirements. Define, implement, and monitor data quality rules to improve data accuracy, consistency, and reliability. Support strategic initiatives by analyzing data, identifying issues, and recommending practical solutions. Partner with business and technical stakeholders to gather requirements, clarify objectives, and align data efforts with organizational priorities. Perform comple…",https://www.adzuna.in/details/5903008902?utm_medium=api&utm_source=53922c72
5912750335,Data Analyst,Smiths Detection,"Bangalore, Karnataka",IT Jobs,,,,,2026-10-05 22:26:57+00:00,"Job Description Duties: Power BI Development Develop interactive, user-friendly dashboards and reports in Power BI Build effective data models using DAX and Power Query Maintain version control and documentation of dashboards Maintain / Troubleshoot existing Power BI reports/dashboards and making necessary arrangements for data refresh as per required frequencies. SQL & Data Handling Write and optimize SQL queries for data extraction, transformation, and validation Perform data validation and q…",https://www.adzuna.in/details/5912750335?utm_medium=api&utm_source=53922c72
5819873638,Data Analyst/ Senior Data Analyst,Dynata,"Noida, Ghaziabad",IT Jobs,,,,full_time,2026-07-29 20:47:45+00:00,"Responsibilities Ability to work on low complexity projects independently (Data Validation, Data Delivery &Tabulation/Data Outputs) Understand client requirement specifications and ensure to deliver them in time Organizing and shaping the data through the internal standards Escalate problems to manager for assistance as needed Experience 2-5 years of work experience in market research or equivalent. Knowledge & Skill Knowledge in Microsoft Office(Excel, Word and powerPoint). Knowledge of SPSS K…",https://www.adzuna.in/details/5819873638?utm_medium=api&utm_source=53922c72
5735463452,Data Analyst,Digital Twin,"Pune, Maharashtra",IT Jobs,,,,,2026-05-21 02:12:34+00:00,"Job Summary - Data Analyst We are looking to hire a data analyst to join our enterprise customer solutions team. As a Data Analyst, one will take responsibility for developing reports, and troubleshooting data issues. To do well in this role you need attention to detail, past experience as a data analyst, and a deep understanding of the popular data analysis tools and databases. Data Analyst Responsibilities: ● Commissioning and decommissioning of data sets. ● Processing confidential data and i…",https://www.adzuna.in/details/5735463452?utm_medium=api&utm_source=53922c72
1993882092,Data Analyst,SveltetechTechnologies Pvt Ltd,"Delhi, India",IT Jobs,0.0,300000.0,,full_time,2021-02-15 04:27:43+00:00,"Data Analyst Job Duties Data analyst responsibilities include conducting full lifecycle analysis to include requirements, activities and design. Data analysts will develop analysis and reporting capabilities. They will also monitor performance and quality control plans to identify improvements. Responsibilities Interpret data, analyze results using statistical techniques and provide ongoing reports Develop and implement databases, data collection systems, data analytics and other strategies tha…",https://www.adzuna.in/details/1993882092?utm_medium=api&utm_source=53922c72
5868120206,Data Analyst,Reliance Games,"Pune, Maharashtra",IT Jobs,,,,,2026-09-03 08:01:51+00:00,"Develop complex queries and procedures to extract data for game analytics. Create dashboards on a daily basis handling multiple games simultaneously. Present the insights and findings to key stakeholders. Work closely with Product Managers to identify analytical questions. Work independently on the assigned tasks. Assist in development of processes to automate data analysis. Learn and adapt to new methods, tools and technologies. Relevant experience in SQL Querying, Data Analysis using Microsof…",https://www.adzuna.in/details/5868120206?utm_medium=api&utm_source=53922c72
5146507084,Data Analyst,Amicus Therapeutics,"Bangalore, Karnataka",IT Jobs,,,,full_time,2025-04-16 01:41:37+00:00,"Position Description Data Analyst Location: Remote/Bangalore Amicus Therapeutics is a global, patient-dedicated biotechnology company focused on discovering, developing and delivering high-quality medicines for people living with rare metabolic diseases. Position Summary Data analyst responsibilities include conducting full lifecycle analysis to include requirements, activities and design. Data analysts will develop analysis and reporting capabilities. They will also monitor performance and qua…",https://www.adzuna.in/details/5146507084?utm_medium=api&utm_source=53922c72
4514376622,Data Analyst,Qrata,"Delhi, India",IT Jobs,1000000.0,1200000.0,,full_time,2024-01-07 15:08:07+00:00,"Job Title: Data Analyst Job Brief: The successful candidate will turn data into information, information into insight and insight into business decisions. Data Analyst Job Duties Data analyst responsibilities include conducting full lifecycle analysis to include requirements, activities and design. Data analysts will develop analysis and reporting capabilities. They will also monitor performance and quality control plans to identify improvements. About Us We began in 2015 with an entrepreneuria…",https://www.adzuna.in/details/4514376622?utm_medium=api&utm_source=53922c72
5744868780,Data Analyst,Amicus India,"Bangalore, Karnataka",IT Jobs,,,,full_time,2026-05-30 02:27:15+00:00,"Data Analyst Location: Remote/Bangalore Amicus Therapeutics is a global, patient-dedicated biotechnology company focused on discovering, developing, and delivering high-quality medicines for people living with rare metabolic diseases. Position Summary Data analyst responsibilities include conducting full lifecycle analysis to include requirements, activities and design. Data analysts will develop analysis and reporting capabilities. They will also monitor performance and quality control plans t…",https://www.adzuna.in/details/5744868780?utm_medium=api&utm_source=53922c72
5850375334,Data Analyst,TechnoGen,"Hyderabad, Telangana",IT Jobs,,,,,2026-08-21 07:38:38+00:00,"Bachelor's degree or equivalent in Information Technology, Computer Science, CIS, Engineering, or Math 5 year's proven working experience as a data analyst or business data analyst 3 years' Experience with BI Solutions (Micro Strategy, Looker, Tableau), databases (SQL), programming (Python, XML, JavaScript, or ETL frameworks) Technical experience regarding data models, database design development, data mining and segmentation techniques Knowledge of statistics and experience analyzing datasets …",https://www.adzuna.in/details/5850375334?utm_medium=api&utm_source=53922c72
4514376189,Data Analyst,Qrata,"Delhi, India",IT Jobs,800000.0,1300000.0,,full_time,2024-01-07 15:07:49+00:00,"Job Title Data Analyst Job Brief The successful candidate will turn data into information, information into insight and insight into business decisions. Data Analyst Job Duties Data analyst responsibilities include conducting full lifecycle analysis to include requirements, activities and design. Data analysts will develop analysis and reporting capabilities. They will also monitor performance and quality control plans to identify improvements. Responsibilities ● Interpret data, analyze results…",https://www.adzuna.in/details/4514376189?utm_medium=api&utm_source=53922c72
5728436260,Data analyst,RECEX,"Kolkata, West Bengal",IT Jobs,2880000.0,3600000.0,,full_time,2026-05-14 02:27:02+00:00,"Job Description: Job Title: Data Analyst Job Description: We are looking for a skilled Data Analyst to collect, analyze, and interpret large datasets to help drive business decisions. The ideal candidate will have strong analytical skills, attention to detail, and experience with data visualization tools. Key Responsibilities: Analyze data to identify trends and insights. Create dashboards and reports for internal stakeholders. Collaborate with teams to understand data needs. Ensure data accura…",https://www.adzuna.in/details/5728436260?utm_medium=api&utm_source=53922c72
4966721625,Data Analyst,Fatakpay,India,IT Jobs,800000.0,1500000.0,,full_time,2024-12-07 13:03:54+00:00,"Job Title : Data Analyst-Fintech Job Description : We are seeking a highly motivated and detail-oriented Data Analyst with 2 to 4 years of work experience to join our team. The ideal candidate will have a strong analytical mindset, excellent problem-solving skills, and a passion for transforming data into actionable insights. In this role, you will play a pivotal role in gathering, analyzing, and interpreting data to support informed decision-making and drive business growth. Key Responsibiliti…",https://www.adzuna.in/details/4966721625?utm_medium=api&utm_source=53922c72
5902511235,Data Analyst,Arting Digital Private Limited,"Noida, Ghaziabad",IT Jobs,,,permanent,full_time,2026-09-29 09:28:23+00:00,"Position - Data Analyst Exp - 1-6 yrs Location - Noida (Sec- 62) Notice Period - Immediate joiner- 15 days Skills - Data Analyst, ETL Developer, SQL skills (mandatory), ETL concepts, data validation, quality checks, and troubleshooting, data extraction, transformation, loading, and monitoring About the Role We are looking for a Data Analyst with strong hands-on experience in SQL and ETL pipelines . The ideal candidate should be proficient in data extraction, transformation, loading, validation,…",https://www.adzuna.in/details/5902511235?utm_medium=api&utm_source=53922c72
5741536696,Data Analyst,RECEX,"Vasai, Thane",IT Jobs,300000.0,500000.0,,full_time,2026-05-27 02:25:11+00:00,"Job Description: *]:pointer-events-auto R6Vx5W_threadScrollVars scroll-mb-[calc(var(scroll-root-safe-area-inset-bottom,0px)var(thread-response-height))] scroll-mt-[calc(var(header-height)min(200px,max(70px,20svh)))]"" data-scroll-anchor=""false"" data-testid=""conversation-turn-2"" data-turn=""assistant"" data-turn-id=""request-WEB:a09f2817-6254-4ccc-9fb6-39e39dbcb8e3-0"" data-turn-id-container=""request-WEB:a09f2817-6254-4ccc-9fb6-39e39dbcb8e3-0"" dir=""auto""> Job Description – Data Analyst Position: Data…",https://www.adzuna.in/details/5741536696?utm_medium=api&utm_source=53922c72
5903790480,Data Analyst,Softcrayons IT Education,"Ghaziabad, Uttar Pradesh",IT Jobs,,,,full_time,2026-09-30 16:17:45+00:00,"FULLTIME Data Analyst Innodata Inc. 4 days ago Data Analyst Innodata Inc. Data Science / Analytics FULLTIME 18001 - 20000 1 - 2 Years Ghaziabad Job Description We are looking for an Advanced Excel/MIS Executive to manage, analyze, and maintain company data and reports. The candidate will be responsible for preparing daily, weekly, and monthly MIS reports, creating Excel dashboards, analyzing data, maintaining records, and ensuring data accuracy. The role requires strong knowledge of Advanced Ex…",https://www.adzuna.in/details/5903790480?utm_medium=api&utm_source=53922c72
1171509680,Data Analyst,Malaysian Global Innovation and Creativity Centre,India,IT Jobs,500000.0,1000000.0,contract,full_time,2019-06-05 21:12:29+00:00,"MaGIC Technology and Product team is looking for a data analyst to help expand and improve data on startups, investors, and founders in the ASEAN region. As part of the data team on our Startup Database product, you will assist in maintaining the accuracy of information on startups and investors, and continuously update our repository with latest publicly available data on the same. The job offers a high degree of autonomy and will also see you playing a leading role in the analysis of the data…",https://www.adzuna.in/details/1171509680?utm_medium=api&utm_source=53922c72
5727098377,Data Analyst,Navrang HR Solutions,"Surat, Gujarat",IT Jobs,2880000.0,3600000.0,,full_time,2026-05-13 01:59:29+00:00,"Job Description: Key Responsibilities  Assist in extracting, cleaning, and analyzing datasets using SQL and Python.  Develop and maintain dashboards and reports using Power BI, Looker Studio, or other BI tools.  Support the team in data validation, quality checks, and troubleshooting.  Collaborate with senior data analysts and business teams to understand requirements and deliver insights.  Perform exploratory data analysis (EDA) to identify trends, patterns, and anomalies.  Automate recu…",https://www.adzuna.in/details/5727098377?utm_medium=api&utm_source=53922c72
1712428599,Data Analyst,Namaste Credit,"Bangalore, Karnataka",IT Jobs,500000.0,1000000.0,,full_time,2020-09-19 01:45:32+00:00,"About the Role The following Job Specification is intended to reflect the nature, range and context of the work. It identifies the main requirements of the job but is not an exhaustive list of duties. The Data Analyst role is a vital role as to be a sole point of contact responsible for closely working with various teams internally and closely working with the CTO. This role typically requires the resource to analyse the vast number of datasets and provide a meaningful impact and the result of …",https://www.adzuna.in/details/1712428599?utm_medium=api&utm_source=53922c72
5503836577,Data Analyst,NAVVYASA CONSULTING PRIVATE LIMITED,India,IT Jobs,,,,full_time,2025-11-20 00:58:08+00:00,"About the Role We are looking for a highly skilled Data Analyst or Data Scientist with strong expertise in Python and SQL to join our client’s team. The primary responsibility will be to automate data-driven workflows and processes based on detailed business steps provided by the Product and Business teams. The ideal candidate will bridge the gap between analytics, process understanding, and automation execution. Key Responsibilities ● Collaborate with the Business and Product teams to understa…",https://www.adzuna.in/details/5503836577?utm_medium=api&utm_source=53922c72
5909826687,Data analyst,R-Insights Research Company,"Ajmer, Rajasthan",Consultancy Jobs,,,,full_time,2026-10-03 16:26:15+00:00,Position – Data Analyst R-Insights Research Company is looking for a Data Analyst to develop insightful and comprehensive data analysis and reporting for social and market research projects. Schedule – Full time Main Responsibilities Methodology design for marketing and social research projects Data collection tool design Programing and testing of online questionnaires Database cleaning and data processing Data analytics and preparation of compelling visualizations Conducting statistical power …,https://www.adzuna.in/details/5909826687?utm_medium=api&utm_source=53922c72
5503284671,Data Analyst,Intelliatx Therapeutics,"Bangalore, Karnataka",IT Jobs,,,,full_time,2025-11-19 22:19:09+00:00,"Data Analyst – Job Decription Connecting people with each other and the right information is mission critical. Our Company develops innovative cloud-based technology to make it easier, more effective and more efficient to make the right connections. Our solutions put people in sync with each other and the right information, so they gain the insight needed to reach better decisions on the issues that matter most. We do it with a laser focus on reliability. The Company is a leading provider of te…",https://www.adzuna.in/details/5503284671?utm_medium=api&utm_source=53922c72
5877293479,Data Analyst,Cornerstone OnDemand,"Pune, Maharashtra",IT Jobs,,,,,2026-09-09 21:36:43+00:00,"We're looking for a Data Analyst This role is Office Based, Pune Office Data Analyst – Enterprise Data Management Location: Hyderabad, India About the Role: We are seeking an experienced Data Analyst to join our Enterprise Data Management team , with a core focus on Data Quality, Data Governance, and Master Data Management (MDM). In this role, you will be responsible for analyzing, profiling, and enhancing data within critical enterprise applications, including Salesforce, Oracle ERP, and Marke…",https://www.adzuna.in/details/5877293479?utm_medium=api&utm_source=53922c72
5889560006,Data Analyst,MedTourEasy,India,IT Jobs,600000.0,600000.0,,full_time,2026-09-18 21:52:19+00:00,"Company Overview MedTourEasy, a global healthcare company, provides you the informational resources needed to evaluate your global options. MedTourEasy provides analytical solutions to our partner healthcare providers globally. Job Title Data Analyst Job Location Bengaluru, India Gurgaon, India New Delhi, India Noida, India Years of Experience 0-5 years Job Description As a Data Analyst at Medtoureasy, you will play a crucial role in analyzing and interpreting complex data sets to help drive st…",https://www.adzuna.in/details/5889560006?utm_medium=api&utm_source=53922c72
2500155500,Data Analyst,Reality Premedia Services Pvt Ltd,"Pune, Maharashtra",IT Jobs,0.0,800000.0,,full_time,2021-09-29 05:01:45+00:00,"We at Reality Premedia pvt ltd is looking for Data Analyst for Pune location. Must have experience in BFSC domain. Exp- Min 3yrs Location- Pune Mandatory Skills- Exp in powerBI/Tableau, SQL Basic Python Skills:- Tableau, PowerBI and Data Analytics",https://www.adzuna.in/details/2500155500?utm_medium=api&utm_source=53922c72
4993547435,Data Analyst,RegisterKaro,India,IT Jobs,400000.0,1000000.0,,full_time,2025-01-01 11:53:10+00:00,"Job Description: Data Analyst Position: Data Analyst Location: Gurgaon Experience Level: 1-3 Years Employment Type: Full-Time Role Overview We are looking for a results-driven Data Analyst to join our team and support business decision-making through data insights and analytics. The ideal candidate will be highly proficient in Python, skilled in data visualization tools, and experienced in solving complex problems to drive measurable business outcomes such as revenue growth or cost reduction. K…",https://www.adzuna.in/details/4993547435?utm_medium=api&utm_source=53922c72
5893825602,Data Analyst,Gravity Engineering Services Pvt Ltd,"Bangalore, Karnataka",IT Jobs,800000.0,2000000.0,,full_time,2026-09-22 16:13:39+00:00,"We're hiring a Data Analyst to turn raw data into clear, actionable insight. You'll partner with product, sales, marketing, and operations teams to answer their most important questions with data — building dashboards, running deep-dive analyses, and defining the metrics the business runs on. The ideal candidate is fluent in SQL, comfortable wrangling messy datasets, and just as strong at telling the story behind the numbers as they are at producing them. You'll own the accuracy and trustworthi…",https://www.adzuna.in/details/5893825602?utm_medium=api&utm_source=53922c72
5854880422,Data Analyst,Apex 2000,"Bangalore, Karnataka",IT Jobs,,,,,2026-08-25 07:43:27+00:00,"We are seeking a meticulous and analytical Data Analyst to manage master data, ensure data quality, and support reporting and analysis initiatives. You will be responsible for overseeing the reporting environment, identifying and revising reporting requirements, and providing technical expertise in data management. This role involves working with confidential data, training end-users, and contributing to data integrity efforts. Roles & Responsibilities: Manage master data, including its creatio…",https://www.adzuna.in/details/5854880422?utm_medium=api&utm_source=53922c72
5882775660,Data Analyst,Ecolab,India,Sales Jobs,,,,full_time,2026-09-13 21:42:16+00:00,"At Ecolab, you can help take on some of the world’s most meaningful challenges, delivering critical insights and innovative solutions to help our customers achieve clean water, safe food, abundant energy and healthy environments. With our worldwide reach and ambitious growth plans, you will have the opportunity to own your future and impact what matters. Are you ready to make an impact? Ecolab is searching for a driven Data Analyst for our Enterprise Growth Operations Team in Pune, India . The …",https://www.adzuna.in/details/5882775660?utm_medium=api&utm_source=53922c72
5532438214,Data Analyst,Sagility,India,IT Jobs,,,,full_time,2025-12-07 22:44:33+00:00,"Sagility combines industry-leading technology and transformation-driven BPM services with decades of healthcare domain expertise to help clients draw closer to their members. The company optimizes the entire member/patient experience through service offerings for clinical, case management, member engagement, provider solutions, payment integrity, claims cost containment, and analytics. Sagility has more than 25,000 employees across 5 countries. ""To conduct data analysis, provide insights, and c…",https://www.adzuna.in/details/5532438214?utm_medium=api&utm_source=53922c72
2247134476,Data Analyst,Indium Software,India,IT Jobs,250000.0,800000.0,,full_time,2021-06-12 12:42:07+00:00,"The Data Analyst in the CoE will provide end to end solution development, working in conjunction with the Domain Leads and Technology Partners. He is responsible for the delivery of solutions and solution changes which are driven by the business requirements as well as providing technical and development capabilities. Knowledge Skills:- Apache Synapse, SQL, SAP MDG ( Master Data Governance), Python and Data Analytics",https://www.adzuna.in/details/2247134476?utm_medium=api&utm_source=53922c72
5876718084,Data Analyst,Cornerstone onDemand,"Hyderabad, Telangana",IT Jobs,,,,,2026-09-09 11:07:12+00:00,"Data Analyst - Enterprise Data Management Location: Hyderabad, India About the Role: We are seeking an experienced Data Analyst to join our Enterprise Data Management team, with a core focus on Data Quality, Data Governance, and Master Data Management (MDM). In this role, you will be responsible for analyzing, profiling, and enhancing data within critical enterprise applications, including Salesforce, Oracle ERP, and Marketo. A key part of your responsibilities involves establishing and maintai…",https://www.adzuna.in/details/5876718084?utm_medium=api&utm_source=53922c72
5876718085,Data Analyst,Cornerstone onDemand,"Pune, Maharashtra",IT Jobs,,,,,2026-09-09 11:07:12+00:00,"Data Analyst - Enterprise Data Management Location: Hyderabad, India About the Role: We are seeking an experienced Data Analyst to join our Enterprise Data Management team, with a core focus on Data Quality, Data Governance, and Master Data Management (MDM). In this role, you will be responsible for analyzing, profiling, and enhancing data within critical enterprise applications, including Salesforce, Oracle ERP, and Marketo. A key part of your responsibilities involves establishing and maintai…",https://www.adzuna.in/details/5876718085?utm_medium=api&utm_source=53922c72
5336689191,Data Analyst,EWU,"Coimbatore, Tamil Nadu",IT Jobs,400000.0,700000.0,,full_time,2025-08-04 05:33:07+00:00,"We’re seeking a detail-oriented Data Analyst with proven experience in corporate settings to transform raw data into actionable insights. You’ll collaborate across departments to support strategic decision-making, optimize operations, and enhance business performance through data-driven analysis. Skills:- PowerBI, Tableau, Data Analytics, Dashboard, MS-Office, Data Visualization and Advanced analytics",https://www.adzuna.in/details/5336689191?utm_medium=api&utm_source=53922c72
4855397054,data analyst,Epik Solutions,India,IT Jobs,50000.0,700000.0,permanent,full_time,2024-09-07 11:25:36+00:00,"Job Title: Data Analyst Location: Permanent Work from Home Job Type: Full-Time Job Description: We are seeking a highly motivated and skilled Data Analyst to join our team. The ideal candidate will have a strong background in data analysis, incident management, and real-time data reporting. The role demands exceptional communication skills, both written and spoken, as well as the ability to work flexible shifts to support our global operations. Key Responsibilities: - Perform data analysis to i…",https://www.adzuna.in/details/4855397054?utm_medium=api&utm_source=53922c72
2853927974,Data Analyst,Multi Recruit,"Bangalore, Karnataka",IT Jobs,1200000.0,1400000.0,,full_time,2022-01-30 04:34:26+00:00,"We are looking for a Business Intelligence (BI)/Data Analyst to create and manage Power Bl and analytics solutions that turn data into knowledge. In this role, you should have a background in data and business analysis. If you are self-directed, passionate about data, and have business acumen and problem-solving aptitude, we'd like to meet you. Ultimately, you will enhance our business intelligence system to help us make better decisions. Requirements and Qualifications BSc/BA in Computer Scien…",https://www.adzuna.in/details/2853927974?utm_medium=api&utm_source=53922c72
5727143467,Data Analyst,Mantras2Success,"Ahmedabad, Gujarat",IT Jobs,500000.0,900000.0,,full_time,2026-05-13 02:04:45+00:00,"Job Description: Role Overview: We are looking for a detail-oriented Data Analyst who can convert complex data into meaningful insights that help drive business decisions. The ideal candidate should have strong expertise in SQL, Python, and data visualisation tools and experience working with large datasets. Key Responsibilities: Collect, clean, and analyse large datasets to identify trends and patterns. Write complex SQL and MongoDB queries to extract and manipulate data. Build dashboards and …",https://www.adzuna.in/details/5727143467?utm_medium=api&utm_source=53922c72
2433361449,Data Analyst,MSMEx,"Mumbai, Maharashtra",IT Jobs,0.0,1200000.0,,full_time,2021-09-05 02:42:02+00:00,We are looking for a Data Analyst that oversees organisational data analytics. This will require you to design and help implement the data analytics platform that will keep the organisation running. The team will be the go-to for all data needs for the app and we are looking for a self-starter who is hands on and yet able to abstract problems and anticipate data requirements. This person should be very strong technical data analyst who can design and implement data systems on his own. Along wit…,https://www.adzuna.in/details/2433361449?utm_medium=api&utm_source=53922c72
5880523767,Staff Backend Engineer,Wise,"Hyderabad, Telangana",IT Jobs,,,,full_time,2026-09-12 08:31:36+00:00,"This job is with Wise, an inclusive employer and a member of myGwork – the largest global platform for the LGBTQ business community. Please do not contact the recruiter directly. Wise is a global technology company, building the best way to move and manage the world’s money. Min fees. Max ease. Full speed. Whether people and businesses are sending money to another country, spending abroad, or making and receiving international payments, Wise is on a mission to make their lives easier and save t…",https://www.adzuna.in/details/5880523767?utm_medium=api&utm_source=53922c72
5856408833,Data Analyst,Umberto Ceramics International Private Limited,India,IT Jobs,500000.0,600000.0,,,2026-08-26 10:41:26+00:00,"Data Analyst We are seeking a Data Analyst to join Ariane Fine Porcelain's operations team. This role centers on extracting, transforming and analyzing data from ERP systems to support production, inventory, quality and finance functions within a ceramics manufacturing environment. The successful candidate will combine domain knowledge of manufacturing with technical ERP and analytics expertise to enable data-driven decisions, improve process efficiency and support ERP optimizations. Responsibi…",https://www.adzuna.in/details/5856408833?utm_medium=api&utm_source=53922c72
2449398766,Data Analyst,Syrencloud,"Hyderabad, Telangana",IT Jobs,0.0,800000.0,,full_time,2021-09-11 02:17:17+00:00,"Our growing technology firm is looking for an experienced Data Analyst who is able to turn project requirements into custom-formatted data reports. The ideal candidate for this position is able to do complete life cycle data generation and outline critical information for each Project Manager. We also need someone who is able to analyze business procedures and recommend specific types of data that can be used to improve upon them. Skills:- SQL, SAP and Data Analytics",https://www.adzuna.in/details/2449398766?utm_medium=api&utm_source=53922c72
